insert into building (id, name, zone) values (1, 'integer pede', 1);
insert into building (id, name, zone) values (2, 'sit amet', 2);
insert into building (id, name, zone) values (3, 'sem mauris laoreet', 3);
insert into building (id, name, zone) values (4, 'nunc viverra dapibus', 4);
insert into building (id, name, zone) values (5, 'luctus nec molestie', 5);


insert into animal (id, number, arrived, left, id_building_id) values (1, 123, '2021-09-24 09:42:53', '2021-12-13 11:46:38', 5);
insert into animal (id, number, arrived, left, id_building_id) values (2, 108, '2021-04-16 18:18:30', '2022-08-06 09:22:41', 1);
insert into animal (id, number, arrived, left, id_building_id) values (3, 115, '2021-10-15 04:22:19', '2022-01-01 12:56:46', 5);
insert into animal (id, number, arrived, left, id_building_id) values (4, 115, '2020-11-16 00:47:00', '2021-11-05 06:43:53', 2);
insert into animal (id, number, arrived, left, id_building_id) values (5, 112, '2022-07-22 12:35:28', '2021-05-03 18:09:54', 4);
insert into animal (id, number, arrived, left, id_building_id) values (6, 111, '2022-01-02 05:05:16', '2021-08-18 04:06:36', 3);
insert into animal (id, number, arrived, left, id_building_id) values (7, 116, '2020-12-07 16:01:07', '2021-02-20 03:04:26', 4);
insert into animal (id, number, arrived, left, id_building_id) values (8, 109, '2022-01-18 04:02:29', '2021-04-05 15:23:39', 2);
insert into animal (id, number, arrived, left, id_building_id) values (9, 109, '2021-05-23 08:40:17', '2021-07-09 19:44:52', 3);
insert into animal (id, number, arrived, left, id_building_id) values (10, 113, '2022-10-04 08:56:19', '2021-08-29 22:35:30', 3);
insert into animal (id, number, arrived, left, id_building_id) values (11, 114, '2022-08-13 05:31:12', '2022-08-10 08:27:16', 5);
insert into animal (id, number, arrived, left, id_building_id) values (12, 121, '2021-10-25 20:28:35', '2021-10-15 04:24:48', 4);
insert into animal (id, number, arrived, left, id_building_id) values (13, 111, '2021-06-11 12:18:27', '2021-01-15 03:04:04', 3);
insert into animal (id, number, arrived, left, id_building_id) values (14, 122, '2022-04-05 17:44:51', '2022-05-04 08:23:48', 5);
insert into animal (id, number, arrived, left, id_building_id) values (15, 117, '2021-07-08 05:32:30', '2021-04-28 18:52:16', 5);
insert into animal (id, number, arrived, left, id_building_id) values (16, 129, '2021-06-19 06:41:29', '2021-01-20 00:38:31', 3);
insert into animal (id, number, arrived, left, id_building_id) values (17, 121, '2022-02-28 18:33:14', '2022-04-28 05:00:34', 5);
insert into animal (id, number, arrived, left, id_building_id) values (18, 114, '2021-07-28 23:46:57', '2022-09-19 03:31:28', 4);
insert into animal (id, number, arrived, left, id_building_id) values (19, 118, '2021-06-12 13:53:29', '2021-02-14 10:36:10', 4);
insert into animal (id, number, arrived, left, id_building_id) values (20, 107, '2021-12-01 14:54:14', '2022-08-28 06:47:36', 3);
insert into animal (id, number, arrived, left, id_building_id) values (21, 116, '2021-08-21 10:04:33', '2022-09-20 08:31:20', 3);
insert into animal (id, number, arrived, left, id_building_id) values (22, 100, '2022-03-13 23:01:59', '2021-04-23 00:37:26', 2);
insert into animal (id, number, arrived, left, id_building_id) values (23, 116, '2020-12-29 00:39:38', '2022-03-27 23:08:07', 5);
insert into animal (id, number, arrived, left, id_building_id) values (24, 108, '2022-08-19 14:43:28', '2022-08-24 22:41:24', 2);
insert into animal (id, number, arrived, left, id_building_id) values (25, 110, '2021-06-27 00:42:38', '2021-05-25 05:49:40', 3);
insert into animal (id, number, arrived, left, id_building_id) values (26, 116, '2021-01-10 09:37:47', '2020-12-03 22:27:53', 1);
insert into animal (id, number, arrived, left, id_building_id) values (27, 109, '2020-12-02 19:11:47', '2022-01-19 04:08:52', 4);
insert into animal (id, number, arrived, left, id_building_id) values (28, 130, '2022-06-02 15:50:30', '2021-12-30 04:47:44', 3);
insert into animal (id, number, arrived, left, id_building_id) values (29, 130, '2022-04-25 17:25:34', '2021-06-06 09:24:35', 3);
insert into animal (id, number, arrived, left, id_building_id) values (30, 111, '2021-04-07 00:24:36', '2021-03-03 22:58:07', 4);

insert into data (id, temperature, heart_rate, id_animal_id, lat, long) values (1, 41, 153, 1, 44.36076396168165, 0.055926333509343444);
insert into data (id, temperature, heart_rate, id_animal_id, lat, long) values (2, 43, 165, 10, 44.361493, 0.055760);
insert into data (id, temperature, heart_rate, id_animal_id, lat, long) values (3, 41, 154, 28, 44.361155, 0.056731);
insert into data (id, temperature, heart_rate, id_animal_id, lat, long) values (4, 42, 164, 19, 44.361155, 0.056740);
insert into data (id, temperature, heart_rate, id_animal_id, lat, long) values (5, 41, 169, 28, 44.360858, 0.057136);
insert into data (id, temperature, heart_rate, id_animal_id, lat, long) values (6, 42, 154, 18, 44.360973, 0.057361);
insert into data (id, temperature, heart_rate, id_animal_id, lat, long) values (7, 41, 151, 23, 44.360782, 0.057522);
insert into data (id, temperature, heart_rate, id_animal_id, lat, long) values (8, 42, 165, 7, 44.361050, 0.057672);
insert into data (id, temperature, heart_rate, id_animal_id, lat, long) values (9, 49, 153, 13, 44.360920, 0.057340);
insert into data (id, temperature, heart_rate, id_animal_id, lat, long) values (10, 43, 170, 30, 44.360636, 0.057383);
insert into data (id, temperature, heart_rate, id_animal_id, lat, long) values (11, 43, 159, 16, 44.360981, 0.057297);
insert into data (id, temperature, heart_rate, id_animal_id, lat, long) values (12, 41, 163, 25, 44.361242, 0.057726);
insert into data (id, temperature, heart_rate, id_animal_id, lat, long) values (13, 43, 152, 9, 44.360574, 0.057919);
insert into data (id, temperature, heart_rate, id_animal_id, lat, long) values (14, 43, 155, 2, 44.361088, 0.058112);
insert into data (id, temperature, heart_rate, id_animal_id, lat, long) values (15, 43, 155, 27, 44.361809, 0.055258);
insert into data (id, temperature, heart_rate, id_animal_id, lat, long) values (16, 42, 156, 6, 44.361595, 0.055194);
insert into data (id, temperature, heart_rate, id_animal_id, lat, long) values (17, 42, 151, 16, 44.361411, 0.054990);
insert into data (id, temperature, heart_rate, id_animal_id, lat, long) values (18, 43, 160, 1, 44.361157, 0.054979);
insert into data (id, temperature, heart_rate, id_animal_id, lat, long) values (19, 41, 166, 11, 44.361618, 0.055762);
insert into data (id, temperature, heart_rate, id_animal_id, lat, long) values (20, 43, 170, 21, 44.361848, 0.054732);
insert into data (id, temperature, heart_rate, id_animal_id, lat, long) values (21, 42, 161, 25, 44.361763, 0.054443);
insert into data (id, temperature, heart_rate, id_animal_id, lat, long) values (22, 41, 158, 12, 44.362293, 0.055065);
insert into data (id, temperature, heart_rate, id_animal_id, lat, long) values (23, 41, 166, 16, 44.361825, 0.055076);
insert into data (id, temperature, heart_rate, id_animal_id, lat, long) values (24, 42, 157, 20, 44.361717, 0.054325);
insert into data (id, temperature, heart_rate, id_animal_id, lat, long) values (25, 43, 158, 2, 44.361756, 0.055634);
insert into data (id, temperature, heart_rate, id_animal_id, lat, long) values (26, 43, 152, 3, 44.361418, 0.055494);
insert into data (id, temperature, heart_rate, id_animal_id, lat, long) values (27, 43, 200, 10, 44.361947, 0.056159);
insert into data (id, temperature, heart_rate, id_animal_id, lat, long) values (28, 42, 154, 20, 44.361825, 0.055365);
insert into data (id, temperature, heart_rate, id_animal_id, lat, long) values (29, 42, 150, 14, 44.361618, 0.055344);
insert into data (id, temperature, heart_rate, id_animal_id, lat, long) values (30, 43, 151, 3, 44.360505, 0.057039);
insert into data (id, temperature, heart_rate, id_animal_id, lat, long) values (31, 43, 167, 24, 44.360429, 0.058166);
insert into data (id, temperature, heart_rate, id_animal_id, lat, long) values (32, 43, 170, 3, 44.361986, 0.056084);
insert into data (id, temperature, heart_rate, id_animal_id, lat, long) values (33, 42, 168, 24, 44.362193, 0.054893);
insert into data (id, temperature, heart_rate, id_animal_id, lat, long) values (34, 43, 165, 9, 44.361602, 0.055526);
insert into data (id, temperature, heart_rate, id_animal_id, lat, long) values (35, 43, 164, 26, 44.360344, 0.056556);
insert into data (id, temperature, heart_rate, id_animal_id, lat, long) values (36, 42, 169, 16, 44.362638, 0.057597);
insert into data (id, temperature, heart_rate, id_animal_id, lat, long) values (37, 42, 168, 21, 44.362853, 0.057372);
insert into data (id, temperature, heart_rate, id_animal_id, lat, long) values (38, 42, 164, 20, 44.362860, 0.056910);
insert into data (id, temperature, heart_rate, id_animal_id, lat, long) values (39, 42, 165, 7, 44.362730, 0.056878);
insert into data (id, temperature, heart_rate, id_animal_id, lat, long) values (40, 41, 166, 9, 44.362300, 0.056760);
insert into data (id, temperature, heart_rate, id_animal_id, lat, long) values (41, 42, 170, 9, 44.362484, 0.056320);
insert into data (id, temperature, heart_rate, id_animal_id, lat, long) values (42, 41, 161, 2, 44.362983, 0.057061);
insert into data (id, temperature, heart_rate, id_animal_id, lat, long) values (43, 43, 162, 19, 44.361794, 0.058348);
insert into data (id, temperature, heart_rate, id_animal_id, lat, long) values (44, 43, 167, 14, 44.362055, 0.057715);
insert into data (id, temperature, heart_rate, id_animal_id, lat, long) values (45, 43, 165, 2, 44.362270, 0.057061);
insert into data (id, temperature, heart_rate, id_animal_id, lat, long) values (46, 41, 167, 20, 44.362293, 0.057897);
insert into data (id, temperature, heart_rate, id_animal_id, lat, long) values (47, 41, 166, 17, 44.362339, 0.057114);
insert into data (id, temperature, heart_rate, id_animal_id, lat, long) values (48, 41, 166, 24, 44.362454, 0.056374);
insert into data (id, temperature, heart_rate, id_animal_id, lat, long) values (49, 43, 152, 7, 44.362807, 0.057672);
insert into data (id, temperature, heart_rate, id_animal_id, lat, long) values (50, 41, 167, 1, 44.361840, 0.058198);
insert into data (id, temperature, heart_rate, id_animal_id, lat, long) values (51, 41, 155, 29, 44.362362, 0.056535);
insert into data (id, temperature, heart_rate, id_animal_id, lat, long) values (52, 43, 167, 27, 44.361840, 0.058649);
insert into data (id, temperature, heart_rate, id_animal_id, lat, long) values (53, 42, 161, 3, 44.362553, 0.059024);
insert into data (id, temperature, heart_rate, id_animal_id, lat, long) values (54, 15, 0, 30, 44.362185, 0.055902);
insert into data (id, temperature, heart_rate, id_animal_id, lat, long) values (55, 43, 162, 19, 44.362492, 0.056642);
insert into data (id, temperature, heart_rate, id_animal_id, lat, long) values (56, 42, 155, 29, 44.362270, 0.058724);
insert into data (id, temperature, heart_rate, id_animal_id, lat, long) values (57, 41, 156, 16, 44.360874, 0.057425);
insert into data (id, temperature, heart_rate, id_animal_id, lat, long) values (58, 41, 159, 2, 44.362147, 0.054142);
insert into data (id, temperature, heart_rate, id_animal_id, lat, long) values (59, 42, 163, 26, 44.361863, 0.056106);
insert into data (id, temperature, heart_rate, id_animal_id, lat, long) values (60, 41, 169, 1, 44.361756, 0.058455);
insert into data (id, temperature, heart_rate, id_animal_id, lat, long) values (61, 42, 163, 8, 44.361863, 0.056106);
insert into data (id, temperature, heart_rate, id_animal_id, lat, long) values (62, 41, 169, 8, 44.361756, 0.058455);
insert into data (id, temperature, heart_rate, id_animal_id, lat, long) values (63, 43, 152, 15, 44.362807, 0.057672);
insert into data (id, temperature, heart_rate, id_animal_id, lat, long) values (64, 41, 167, 15, 44.361840, 0.058198);
insert into data (id, temperature, heart_rate, id_animal_id, lat, long) values (65, 43, 167, 4, 44.360429, 0.058166);
insert into data (id, temperature, heart_rate, id_animal_id, lat, long) values (66, 43, 170, 4, 44.361986, 0.056084);
insert into data (id, temperature, heart_rate, id_animal_id, lat, long) values (67, 43, 170, 5, 44.361986, 0.056084);
insert into data (id, temperature, heart_rate, id_animal_id, lat, long) values (68, 42, 168, 5, 44.362193, 0.054893);
insert into data (id, temperature, heart_rate, id_animal_id, lat, long) values (69, 42, 170, 22, 44.362484, 0.056320);
insert into data (id, temperature, heart_rate, id_animal_id, lat, long) values (70, 41, 161, 22, 44.362983, 0.057061);
insert into data (id, temperature, heart_rate, id_animal_id, lat, long) values (71, 42, 157, 15, 44.361987409413146, 0.056511055065199156);